{
  "config": {
    "tau_ms": [
      100,
      200,
      300,
      433,
      600,
      1000
    ],
    "speeds": [
      0.25,
      0.5,
      0.75,
      1.0,
      1.25,
      1.5,
      1.75,
      2.0,
      2.25,
      2.5,
      3.0,
      4.0,
      5.0
    ],
    "troll": 0.05,
    "N": 150,
    "MC": 15,
    "smoke_test": false,
    "manuscript_reference": {
      "x_star": 1.347,
      "cv_pct": 6.4,
      "beta": 0.511,
      "r2_collapse": 0.956,
      "trajectories_in_paper": [
        "Circle",
        "Hexagon",
        "Square",
        "Triangle"
      ]
    }
  },
  "results": {
    "lemniscate": {
      "label": "Lemniscate (a=12, perimeter-matched)",
      "perimeter_m": 62.83456148228179,
      "vstar_by_tau": [
        3.0169962917181685,
        1.665097891566263,
        1.3898155613787546,
        1.2327044025157243,
        0.9497556066704994,
        0.6998847926267311
      ],
      "rmse_min_by_tau": [
        0.2797,
        0.2751,
        0.2733,
        0.2621,
        0.2591,
        0.258
      ],
      "rmse_curves_by_tau": [
        [
          0.514,
          0.4848,
          0.4461,
          0.4222,
          0.3771,
          0.3608,
          0.3417,
          0.2874,
          0.2972,
          0.2941,
          0.2797,
          0.3318,
          0.4314
        ],
        [
          0.505,
          0.475,
          0.4151,
          0.3756,
          0.3384,
          0.2964,
          0.2751,
          0.3866,
          0.706,
          0.4046,
          1.6551,
          0.6325,
          1.2561
        ],
        [
          0.5003,
          0.4487,
          0.3854,
          0.3369,
          0.3027,
          0.2733,
          0.74,
          1.6192,
          1.6477,
          1.2586,
          1.013,
          0.5305,
          0.689
        ],
        [
          0.4911,
          0.4154,
          0.3518,
          0.2895,
          0.2621,
          0.2983,
          0.3049,
          0.3437,
          0.3721,
          0.412,
          0.4393,
          0.6463,
          0.8759
        ],
        [
          0.4828,
          0.3846,
          0.3111,
          0.2591,
          0.381,
          1.5798,
          1.0266,
          0.524,
          0.4229,
          0.4711,
          0.6062,
          0.8811,
          1.4147
        ],
        [
          0.446,
          0.3165,
          0.258,
          0.3948,
          0.3617,
          0.4399,
          0.4689,
          0.5707,
          0.6785,
          0.8277,
          1.1715,
          1.4938,
          2.4958
        ]
      ],
      "metrics": {
        "x_star_per_tau": [
          0.9540579974111207,
          0.7446544149467476,
          0.7612333337388496,
          0.8111532175514402,
          0.7356775295203932,
          0.6998847926267311
        ],
        "x_star_mean": 0.7844435476325472,
        "x_star_std": 0.0907002367366176,
        "x_star_cv_pct": 11.56236634367778,
        "C_fit": 0.6949336477944985,
        "beta_fit": 0.6076528965490845,
        "r2_powerlaw": 0.9830100465144642,
        "manuscript_xstar": 1.347,
        "manuscript_cv_pct": 6.4,
        "manuscript_beta": 0.511
      }
    },
    "ellipse_12_6": {
      "label": "Ellipse(a=12, b=6)",
      "perimeter_m": 58.13053991535248,
      "vstar_by_tau": [
        3.67861205915813,
        2.53264331210191,
        2.07276119402985,
        1.6056763285024154,
        1.3172535211267618,
        0.9263082583810294
      ],
      "rmse_min_by_tau": [
        0.2676,
        0.216,
        0.2089,
        0.2091,
        0.2116,
        0.2202
      ],
      "rmse_curves_by_tau": [
        [
          0.4846,
          0.4661,
          0.4457,
          0.4212,
          0.4118,
          0.3907,
          0.3732,
          0.3532,
          0.3386,
          0.3324,
          0.2833,
          0.2676,
          0.3398
        ],
        [
          0.483,
          0.4589,
          0.4317,
          0.4006,
          0.3821,
          0.3438,
          0.3132,
          0.2555,
          0.2259,
          0.216,
          0.2433,
          0.374,
          0.5182
        ],
        [
          0.4821,
          0.4442,
          0.4214,
          0.3697,
          0.3495,
          0.2813,
          0.2407,
          0.2089,
          0.2173,
          0.2503,
          0.3347,
          0.5135,
          0.6687
        ],
        [
          0.4814,
          0.429,
          0.4043,
          0.338,
          0.2855,
          0.2091,
          0.2155,
          0.2477,
          0.3003,
          0.3611,
          0.4801,
          0.6961,
          0.9392
        ],
        [
          0.4783,
          0.4107,
          0.3648,
          0.2662,
          0.2116,
          0.228,
          0.2893,
          0.3678,
          0.4431,
          0.5122,
          0.6263,
          0.912,
          1.4251
        ],
        [
          0.459,
          0.3451,
          0.2453,
          0.2202,
          0.3174,
          0.4367,
          0.5456,
          0.6276,
          0.7436,
          0.8455,
          1.1355,
          1.5342,
          2.6956
        ]
      ],
      "metrics": {
        "x_star_per_tau": [
          1.1632792735101756,
          1.1326325217240172,
          1.1352980622914912,
          1.0565789475180394,
          1.0203401900114057,
          0.9263082583810294
        ],
        "x_star_mean": 1.0724062089060264,
        "x_star_std": 0.08960635192065604,
        "x_star_cv_pct": 8.35563531584403,
        "C_fit": 0.9626056017044756,
        "beta_fit": 0.597461581982843,
        "r2_powerlaw": 0.9956424390092581,
        "manuscript_xstar": 1.347,
        "manuscript_cv_pct": 6.4,
        "manuscript_beta": 0.511
      }
    },
    "suzuka": {
      "label": "Suzuka GP (real centerline, rescaled)",
      "perimeter_m": 62.83185307179588,
      "vstar_by_tau": [
        2.6921874999999984,
        1.8016732283464574,
        1.7687282229965158,
        1.4093750000000007,
        1.3085678807947028,
        0.7814655172413831
      ],
      "rmse_min_by_tau": [
        0.2712,
        0.2533,
        0.2534,
        0.2503,
        0.2517,
        0.2527
      ],