{
  "config": {
    "tau_ms": 433,
    "DELAY_F": 26,
    "N": 150,
    "troll": 0.05,
    "MC": 15,
    "vstar_used": {
      "Circle": 2.03,
      "Square": 1.117,
      "Ellipse": 1.606,
      "Suzuka": 1.409
    },
    "note": "Per-trajectory v* at tau=433ms; gamma stats from MC=15 runs at that operating point."
  },
  "results": {
    "Circle": {
      "per_run_gamma_mean": [
        0.940450512973693,
        0.9382127369110659,
        0.9388651387727844,
        0.9395754920930789,
        0.9402555033154707,
        0.9400494050779481,
        0.9377098338596564,
        0.9396565337987637,
        0.9406432143327551,
        0.938757079333244,
        0.9394293619352566,
        0.9398297639251552,
        0.9395248814712298,
        0.9407155516629977,
        0.9400992768838098
      ],
      "per_run_gamma_std": [
        0.017588663010548868,
        0.018209625839707602,
        0.01974876490343329,
        0.019574435164578755,
        0.018674953552508772,
        0.01816171586346249,
        0.020941960400292618,
        0.018623356176891065,
        0.020145349227754617,
        0.020528679603485964,
        0.017377076549273382,
        0.01924269926749148,
        0.01743139257732316,
        0.017180500740546722,
        0.01718225851154761
      ],
      "per_run_rmse": [
        0.24082907901932318,
        0.2526129378469855,
        0.24498448887039925,
        0.23896694820655454,
        0.24165159550104326,
        0.2415954780504135,
        0.24827823347545597,
        0.24880749761002924,
        0.24961590384338708,
        0.24811190894397372,
        0.25184775248999625,
        0.24926135400797572,
        0.2470839080060877,
        0.24546661661598684,
        0.23759438837920044
      ],
      "agg_gamma_mean": 0.9395849524231273,
      "agg_gamma_mean_std": 0.0008772019624343856,
      "agg_gamma_std": 0.018707428759256423,
      "agg_gamma_std_std": 0.001263821469765516,
      "agg_rmse": 0.2457805393911208
    },
    "Square": {
      "per_run_gamma_mean": [
        0.9391223712253535,
        0.9423362131098428,
        0.9417662195587923,
        0.9424219116042588,
        0.9420852186233706,
        0.9425036049744967,
        0.9418209129324868,
        0.9426729386375822,
        0.9420100920142872,
        0.9417161646532869,
        0.940422889809393,
        0.9414112762325436,
        0.9409297609109702,
        0.9427088613861472,
        0.9413055080066387
      ],
      "per_run_gamma_std": [
        0.016768718825908063,
        0.015303324646347247,
        0.015145857392986347,
        0.016745059533303075,
        0.015301436740502081,
        0.015327130928477137,
        0.01638419802284772,
        0.016375376219647533,
        0.017110914740731554,
        0.016520504839548537,
        0.014279935794191317,
        0.015362331615436164,
        0.014992255344819844,
        0.015973966830622063,
        0.015577289102145371
      ],
      "per_run_rmse": [
        0.05187991908896413,
        0.05310331714416394,
        0.048279662290792,
        0.050937386050717424,
        0.057110717610850605,
        0.05254865694971157,
        0.05250913849882359,
        0.05424285844969562,
        0.06074046823991269,
        0.04881934118981614,
        0.06244711858483157,
        0.05329770457775277,
        0.05206905463900122,
        0.05393096815719273,
        0.050215512423530284
      ],
      "agg_gamma_mean": 0.9416822629119633,
      "agg_gamma_mean_std": 0.0009600091931584758,
      "agg_gamma_std": 0.015811220038500936,
      "agg_gamma_std_std": 0.0008071492792561357,
      "agg_rmse": 0.05347545492638375
    },
    "Ellipse": {
      "per_run_gamma_mean": [
        0.9348652932934983,
        0.9348432613183283,
        0.9356001791902243,
        0.9352924943291959,
        0.9360510091024026,
        0.9344251237298455,
        0.9345895962504194,
        0.9353645598557692,
        0.93421505722661,
        0.9349314489672684,
        0.9360276163296465,
        0.9355549689975047,
        0.9332146706916316,
        0.9350165591173286,
        0.9355283206053103
      ],
      "per_run_gamma_std": [
        0.023012115378649483,
        0.023830587557334693,
        0.023281532350922094,
        0.02263573634395123,
        0.02387768534560283,
        0.02237927671311292,
        0.022257523407322663,
        0.02082094654036554,
        0.02380479953465864,
        0.02378641505581608,
        0.0232850758566085,
        0.024026344511839104,
        0.02298262599163093,
        0.022333057747939755,
        0.02295732928777586
      ],
      "per_run_rmse": [
        0.20698114425446745,
        0.20905572073400647,
        0.20660178071265847,
        0.20731032331177035,
        0.20530701644936217,
        0.21725608226631857,
        0.19898575200827204,
        0.2078466545788032,
        0.2002085344066105,
        0.2064823254853363,
        0.204818140701088,
        0.21072289540852482,
        0.20696426721647354,
        0.20734849847437414,
        0.20798538743290426
      ],
      "agg_gamma_mean": 0.9350346772669991,
      "agg_gamma_mean_std": 0.0007396185847759559,
      "agg_gamma_std": 0.023018070108235356,
      "agg_gamma_std_std": 0.0008535632999031902,
      "agg_rmse": 0.20692496822939802
    },
    "Suzuka": {
      "per_run_gamma_mean": [
        0.9349919410732885,
        0.9347863553272509,
        0.9345203004734818,
        0.932128226666149,
        0.9357277322185859,
        0.9330182499150328,
        0.9329963458969484,
        0.9345625701707597,
        0.9318623646723317,
        0.9337564867880283,
        0.9335336928052556,
        0.9342010645248506,
        0.9360917235689235,
        0.9346892667268271,
        0.9340104751680097
      ],
      "per_run_gamma_std": [
        0.024050588096285033,
        0.02290145400288754,
        0.024992276222094583,
        0.02514875862691252,
        0.02460302727545108,
        0.0231969375295853,
        0.02596426752103421,
        0.023411523910210542,
        0.02556032431720409,
        0.02459763024088278,
        0.02360492481536559,
        0.02500758266382678,
        0.025314177970971734,
        0.022657335368582793,
        0.023865477002250335
      ],
      "per_run_rmse": [
        0.2512025980502004,
        0.240560238115548,
        0.2386111635247843,
        0.24002030915706266,
        0.24591899467440514,
        0.24160589470061708,
        0.2391653568567377,
        0.23790030216423436,
        0.24030218814486454,
        0.24915358895704404,
        0.24285850279710264,
        0.2455965485577558,
        0.2490064311179819,
        0.264290565490713,
        0.23024465459930038
      ],
      "agg_gamma_mean": 0.9340584530663816,
      "agg_gamma_mean_std": 0.0012052016914577224,
      "agg_gamma_std": 0.024325085704236325,
      "agg_gamma_std_std": 0.0010230417546216036,
      "agg_rmse": 0.24376248912722345
    }
  },
  "verdict": {
    "mean_spread_pct": 0.8131282482641407,
    "std_spread_pct": 41.601162868435175,
    "mean_threshold_pct": 10.0,
    "std_threshold_pct": 15.0,
    "R1_supported": false
  }
}