{
  "sigma_vs_N": {
    "N_values": [
      10,
      25,
      50,
      100,
      150,
      200
    ],
    "sigma_theta": [
      8.540946377007687,
      8.922927639732832,
      8.607684167961258,
      8.541301674484664,
      8.54264880322087,
      8.446570268980079
    ],
    "power_law": -0.007847132801304937,
    "R2": 0.2213534158081634
  },
  "sigma_vs_troll": {
    "troll_values": [
      0.05,
      0.1,
      0.2,
      0.3,
      0.4
    ],
    "sigma_theta": [
      8.54264880322087,
      8.566416414641713,
      8.801884980748035,
      9.12281198739657,
      9.576212965499922
    ],
    "r": 0.979404801783802
  },
  "autocorr": {
    "acf": [
      1.0,
      0.525332408322758,
      0.14031691130246504,
      -0.009014229188488697,
      -0.12357849511994048,
      -0.2493616433811545,
      -0.3419744916249959,
      -0.3739210885711889,
      -0.34810207451529745,
      -0.27991321573896144,
      -0.1844171383839199,
      -0.0387960861853928,
      0.23340991239974063,
      0.5995264264104692,
      0.5239532347223663,
      0.19720821196675328,
      0.02384404809518985,
      -0.12198993160237587,
      -0.22896341492238817,
      -0.29892162893981417,
      -0.33151702259548205,
      -0.3267430492250847,
      -0.2598135666367877,
      -0.16857365397507265,
      -0.06087087529825556,
      0.14911200091524432
    ],
    "k_c": 3,
    "sig_threshold": 0.02429212890797594,
    "tau_over_win": 1,
    "independence": false
  }
}