{
  "vstar_100": 4.795833333333336,
  "x_100": 1.5165756611890862,
  "rmses_100": [
    0.3724,
    0.4174,
    0.4346,
    0.4406,
    0.4367,
    0.4279,
    0.4307,
    0.4155,
    0.3909,
    0.3706,
    0.3227,
    0.2692,
    0.2621,
    0.279,
    0.3854,
    0.469,
    0.6177
  ],
  "speeds": [
    0.25,
    0.5,
    0.75,
    1.0,
    1.25,
    1.5,
    1.75,
    2.0,
    2.25,
    2.5,
    3.0,
    4.0,
    5.0,
    6.0,
    7.0,
    8.0,
    10.0
  ]
}